coreproject,pmid,title,authors,publication_date,citation_count,relative_citation_ratio,project_id,project_start_date,day_diff
U54CA118638,11572412,Lack of adequate attention to elevated blood pressure in an urban hypertensive population.,E O Quaye;E Alema-Mensah;C Omeogu;D Alvarez;F Dwamena;S Harris-Hooker,2001-01-01,2.0,0.04,U54CA118638,2005-09-30T12:09:00Z,1733
U54CA118638,12088200,Inner-city African American women who failed to receive cancer screening following a culturally-appropriate intervention: the role of health insurance.,John F C Sung;Ernest Alema-Mensah;Daniel S Blumenthal,2002-01-01,28.0,0.79,U54CA118638,2005-09-30T12:09:00Z,1368
U54CA132383,15219164,Essential oncology facts for the float nurse.,Teresa G Leon;Marilyn Pase,2004-06-01,6.0,0.25,U54CA132383,2007-09-30T12:09:00Z,1216
U54CA118623,15221990,Postsurgical disparity in survival between African Americans and Caucasians with colonic adenocarcinoma.,Dominik Alexander;Chakrapani Chatla;Ellen Funkhouser;Sreelatha Meleth;William E Grizzle;Upender Manne,2004-07-01,45.0,0.96,U54CA118623,2005-09-28T12:09:00Z,454
U54CA118948,15221990,Postsurgical disparity in survival between African Americans and Caucasians with colonic adenocarcinoma.,Dominik Alexander;Chakrapani Chatla;Ellen Funkhouser;Sreelatha Meleth;William E Grizzle;Upender Manne,2004-07-01,45.0,0.96,U54CA118948,2005-09-23T12:09:00Z,449
U54CA132383,15234957,"Testing the ""rate of living"" model: further evidence that longevity and metabolic rate are not inversely correlated in Drosophila melanogaster.",Wayne A Van Voorhies;Aziz A Khazaeli;James W Curtsinger,2004-07-02,41.0,0.92,U54CA132383,2007-09-30T12:09:00Z,1185
U54CA132383,15309633,"Transcription of MyoD and myogenin in the non-contractile electrogenic cells of the weakly electric fish, Sternopygus macrurus.",Jung A Kim;Colleen B Jonsson;Tiffany Calderone;Graciela A Unguez,2004-07-28,15.0,0.31,U54CA132383,2007-09-30T12:09:00Z,1159
U54CA132383,15379856,Live fast--live long? A commentary on a recent paper by Speakman et al.,Wayne A Van Voorhies,2004-10-01,11.0,0.23,U54CA132383,2007-09-30T12:09:00Z,1094
U54CA132383,15930003,Backbone nuclear relaxation characteristics and calorimetric investigation of the human Grb7-SH2/erbB2 peptide complex.,Monika Ivancic;Anne M Spuches;Ethan C Guth;Margaret A Daugherty;Dean E Wilcox;Barbara A Lyons,2005-06-01,13.0,0.3,U54CA132383,2007-09-30T12:09:00Z,851
U54CA132383,15983985,Differences in colorectal carcinoma stage and survival by race and ethnicity.,Chloe Chien;Libby M Morimoto;Jamie Tom;Christopher I Li,2005-08-01,155.0,3.52,U54CA132383,2007-09-30T12:09:00Z,790
U54CA132378,15994149,Quality of life of long-term survivors of breast cancer and lymphoma treated with standard-dose chemotherapy or local therapy.,Tim A Ahles;Andrew J Saykin;Charlotte T Furstenberg;Bernard Cole;Leila A Mott;Linda Titus-Ernstoff;Karen Skalla;Marie Bakitas;Peter M Silberfarb,2005-07-01,98.0,2.56,U54CA132378,2008-09-26T12:09:00Z,1183
U54CA137788,15994149,Quality of life of long-term survivors of breast cancer and lymphoma treated with standard-dose chemotherapy or local therapy.,Tim A Ahles;Andrew J Saykin;Charlotte T Furstenberg;Bernard Cole;Leila A Mott;Linda Titus-Ernstoff;Karen Skalla;Marie Bakitas;Peter M Silberfarb,2005-07-01,98.0,2.56,U54CA137788,2008-09-26T12:09:00Z,1183
U54CA132383,16175185,Clinical characteristics of different histologic types of breast cancer.,C I Li;D J Uribe;J R Daling,2005-10-31,327.0,7.12,U54CA132383,2007-09-30T12:09:00Z,699
U54CA132383,16248573,Composition and Antimicrobial Activity of Anemopsis californica leaf oil.,Andrea L Medina;Mary E Lucero;F Omar Holguin;Rick E Estell;Jeff J Posakony;Julian Simon;Mary A O'Connell,2005-11-02,21.0,0.81,U54CA132383,2007-09-30T12:09:00Z,697
U54CA143925,16381544,Breast cancer education for Native American women: creating culturally relevant communications.,Frances Robinson;Nellie Sandoval;Julie Baldwin;Priscilla R Sanderson,2005-12-01,7.0,0.26,U54CA143925,2009-09-29T12:09:00Z,1398
U54CA143924,16381544,Breast cancer education for Native American women: creating culturally relevant communications.,Frances Robinson;Nellie Sandoval;Julie Baldwin;Priscilla R Sanderson,2005-12-01,7.0,0.26,U54CA143924,2009-09-01T12:09:00Z,1370
U54CA132383,16470603,Calcium-responsive contractility during fertilization in sea urchin eggs.,Christianna Stack;Amy J Lucero;Charles B Shuster,2006-04-01,10.0,0.22,U54CA132383,2007-09-30T12:09:00Z,547
U54CA132383,16779822,Distribution of Kv1-like potassium channels in the electromotor and electrosensory systems of the weakly electric fish Apteronotus leptorhynchus.,G Troy Smith;Graciela A Unguez;Christopher M Weber,2006-08-01,10.0,0.24,U54CA132383,2007-09-30T12:09:00Z,425
U54CA132383,16787133,"Adolescents' smoking behaviors, beliefs on the risks of smoking, and exposure to ETS in Juárez, Mexico.",Yelena Bird;John Moraros;Larry K Olsen;Gloria D Coronado;Beti Thompson,2006-01-01,8.0,0.3,U54CA132383,2007-09-30T12:09:00Z,637
U54CA132383,16790333,Do longevity mutants always show trade-offs?,Wayne A Van Voorhies;James W Curtsinger;Michael R Rose,2006-06-21,30.0,0.64,U54CA132383,2007-09-30T12:09:00Z,466
U54CA132383,16837551,"A global, myosin light chain kinase-dependent increase in myosin II contractility accompanies the metaphase-anaphase transition in sea urchin eggs.",Amy Lucero;Christianna Stack;Anne R Bresnick;Charles B Shuster,2006-07-12,30.0,0.59,U54CA132383,2007-09-30T12:09:00Z,445
U54CA132378,17674194,Cognitive function in breast cancer patients prior to adjuvant treatment.,Tim A Ahles;Andrew J Saykin;Brenna C McDonald;Charlotte T Furstenberg;Bernard F Cole;Brett S Hanscom;Tamsin J Mulrooney;Gary N Schwartz;Peter A Kaufman,2007-08-03,247.0,6.76,U54CA132378,2008-09-26T12:09:00Z,420
U54CA137788,17674194,Cognitive function in breast cancer patients prior to adjuvant treatment.,Tim A Ahles;Andrew J Saykin;Brenna C McDonald;Charlotte T Furstenberg;Bernard F Cole;Brett S Hanscom;Tamsin J Mulrooney;Gary N Schwartz;Peter A Kaufman,2007-08-03,247.0,6.76,U54CA137788,2008-09-26T12:09:00Z,420
U54CA132383,17682244,Attitudes and beliefs about colorectal cancer among Mexican Americans in communities along the US-Mexico border.,Gloria D Coronado;Argelia Farias;Beti Thompson;Ruby Godina;Wendell Oderkirk,2006-01-01,25.0,0.74,U54CA132383,2007-09-30T12:09:00Z,637
U10CA180821,18314912,Applying a conceptual model for examining health-related quality of life in long-term breast cancer survivors: CALGB study 79804.,Electra D Paskett;James E Herndon;Jeannette M Day;Nancy N Stark;Eric P Winer;Stephen S Grubbs;Michael D Pavy;Charles L Shapiro;Marcy A List;Martee L Hensley;Michelle A Naughton;Alice B Kornblith;Karleen R Habin;Gini F Fleming;Marisa A Bittoni;Cancer and Leukemia Group B,2008-11-01,26.0,0.81,U10CA180821,2014-04-17T12:04:00Z,1993
U10CA180821,18509177,Racial differences in clinical outcomes from metastatic breast cancer: a pooled analysis of CALGB 9342 and 9840--Cancer and Leukemia Group B.,Blase N Polite;Constance Cirrincione;Gini F Fleming;Donald A Berry;Andrew Seidman;Hyman Muss;Larry Norton;Charles Shapiro;Kamal Bakri;Kelly Marcom;Diana Lake;Joel H Schwartz;Clifford Hudis;Eric P Winer,2008-06-01,27.0,0.6,U10CA180821,2014-04-17T12:04:00Z,2146
U54CA143924,18515848,Occupational PAH exposures during prescribed pile burns.,M S Robinson;T R Anthony;S R Littau;P Herckes;X Nelson;G S Poplin;J L Burgess,2008-05-31,29.0,1.17,U54CA143924,2009-09-01T12:09:00Z,458
U10CA180821,18536022,Exercise and dietary change after diagnosis and cancer-related symptoms in long-term survivors of breast cancer: CALGB 79804.,Catherine M Alfano;Jeannette M Day;Mira L Katz;James E Herndon;Marisa A Bittoni;Jill M Oliveri;Kathleen Donohue;Electra D Paskett,2009-02-01,92.0,2.65,U10CA180821,2014-04-17T12:04:00Z,1901
U10CA180821,18792786,Arm/hand swelling and perceived functioning among breast cancer survivors 12 years post-diagnosis: CALGB 79804.,Jill M Oliveri;Jeannette M Day;Catherine M Alfano;James E Herndon;Mira L Katz;Marisa A Bittoni;Kathleen Donohue;Electra D Paskett,2008-09-16,28.0,0.79,U10CA180821,2014-04-17T12:04:00Z,2039
U01CA200464,19018219,Estimating effects of nursing intervention via propensity score analysis.,Rui Qin;Marita G Titler;Leah L Shever;Taikyoung Kim,2008-01-01,26.0,0.91,U01CA200464,2016-07-01T12:07:00Z,3104
U10CA180821,19133656,Cancer surveillance behaviors and psychosocial factors among long-term survivors of breast cancer. Cancer and Leukemia Group B 79804.,Mira L Katz;Kathleen A Donohue;Catherine M Alfano;Jeannette M Day;James E Herndon;Electra D Paskett,2009-02-01,22.0,0.57,U10CA180821,2014-04-17T12:04:00Z,1901
U10CA180821,19142669,Use of a lidocaine patch in the management of postsurgical neuropathic pain in patients with cancer: a phase III double-blind crossover study (N01CB).,Andrea L Cheville;Jeff A Sloan;Donald W Northfelt;Anand P Jillella;Gilbert Y Wong;James D Bearden Iii;Heshan Liu;Paul L Schaefer;Benjamin T Marchello;Bradley J Christensen;Charles L Loprinzi,2009-01-13,43.0,1.53,U10CA180821,2014-04-17T12:04:00Z,1920
U54CA163072,19887359,Delay in diagnostic testing after abnormal mammography in low-income women.,Debra Wujcik;Yu Shyr;Ming Li;Margaret F Clayton;Lee Ellington;Usha Menon;Kathi Mooney,2009-11-01,25.0,0.76,U54CA163072,2011-09-21T12:09:00Z,689
U24CA204863,19898898,Obesity and angiolymphatic invasion in primary breast cancer.,Erin F Gillespie;Melony E Sorbero;David A Hanauer;Michael S Sabel;Emily J Herrmann;Laura J Weiser;Christina H Jagielski;Jennifer J Griggs,2009-11-07,32.0,0.77,U24CA204863,2017-08-17T12:08:00Z,2840
U10CA180821,20126980,"Older versus younger patients with metastatic adenocarcinoma of the esophagus, gastroesophageal junction, and stomach: a pooled analysis of eight consecutive North Central Cancer Treatment Group (NCCTG) trials.",Aminah Jatoi;Nathan R Foster;James R Egner;Patrick A Burch;Philip J Stella;Joseph Rubin;Shaker R Dakhil;Daniel J Sargent;Brian R Murphy;Steven R Alberts,2010-03-01,30.0,0.75,U10CA180821,2014-04-17T12:04:00Z,1508
U54CA163069,20173279,Meharry Medical College-Vanderbilt-Ingram Cancer Center partnership: its history and role in cancer health disparities research.,Samuel Evans Adunyah;Bettina M Beech;Harold L Moses,2010-02-01,2.0,0.04,U54CA163069,2011-09-26T12:09:00Z,602
U10CA180821,20521348,Prognostic significance of mucin and p53 expression in stage IB non-small cell lung cancer: a laboratory companion study to CALGB 9633.,Stephen L Graziano;Lin Gu;Xiaofei Wang;Arthur H Tatum;Robin T Vollmer;Gary M Strauss;Robert Kratzke;Arkadiusz Z Dudek;Everett E Vokes;Mark R Green;Cancer and Leukemia Group B;North Central Cancer Treatment Group;Radiation Therapy Oncology Group,2010-06-01,21.0,0.45,U10CA180821,2014-04-17T12:04:00Z,1416
U54CA163059,20637198,Affinity peptide for targeted detection of dysplasia in Barrett's esophagus.,Meng Li;Constantinos P Anastassiades;Bishnu Joshi;Chris M Komarck;Cyrus Piraka;Badih J Elmunzer;Danielle K Turgeon;Timothy D Johnson;Henry Appelman;David G Beer;Thomas D Wang,2010-07-14,67.0,1.93,U54CA163059,2011-09-21T12:09:00Z,434
U54CA163069,20656046,The role of cytotoxic therapy with hematopoietic stem cell transplantation in the treatment of diffuse large B cell lymphoma: update of the 2001 evidence-based review.,Denise M Oliansky;Myron Czuczman;Richard I Fisher;Frank D Irwin;Hillard M Lazarus;James Omel;Julie Vose;Steven N Wolff;Roy B Jones;Philip L McCarthy;Theresa Hahn,2010-07-23,70.0,1.93,U54CA163069,2011-09-26T12:09:00Z,430
U54CA163072,20703939,Soy intake in association with menopausal symptoms during the first 6 and 36 months after breast cancer diagnosis.,Tsogzolmaa Dorjgochoo;Kai Gu;Ying Zheng;Asha Kallianpur;Zhi Chen;Wei Zheng;Wei Lu;Xiao Ou Shu,2010-08-12,10.0,0.42,U54CA163072,2011-09-21T12:09:00Z,405
U54CA163072,20725776,MMP9 polymorphisms and breast cancer risk: a report from the Shanghai Breast Cancer Genetics Study.,Alicia Beeghly-Fadiel;Wei Lu;Xiao-Ou Shu;Jirong Long;Qiuyin Cai;Yongbin Xiang;Yu-Tang Gao;Wei Zheng,2010-08-20,20.0,0.56,U54CA163072,2011-09-21T12:09:00Z,397
U10CA180821,20871263,Phase II study of the histone deacetylase inhibitor Romidepsin in relapsed small cell lung cancer (Cancer and Leukemia Group B 30304).,Gregory A Otterson;Lydia Hodgson;Herbert Pang;Everett E Vokes;Cancer and Leukemia Group B,2010-10-01,54.0,1.17,U10CA180821,2014-04-17T12:04:00Z,1294
U10CA180821,20975604,"Phase II study of preoperative pemetrexed, carboplatin, and radiation followed by surgery for locally advanced esophageal cancer and gastroesophageal junction tumors.",Aminah Jatoi;Gamini Soori;Nathan R Foster;Bradley K Hiatt;James A Knost;Tom R Fitch;Matthew D Callister;Francis C Nichols;Tim M Husted;Steven R Alberts,2010-12-01,17.0,0.44,U10CA180821,2014-04-17T12:04:00Z,1233
U10CA180821,21153680,Transformation of low grade glioma and correlation with outcome: an NCCTG database analysis.,K A Jaeckle;P A Decker;K V Ballman;P J Flynn;C Giannini;B W Scheithauer;R B Jenkins;J C Buckner,2010-12-12,52.0,1.43,U10CA180821,2014-04-17T12:04:00Z,1222
U01CA200466,21258973,New developments in pancreatic cancer.,Julia B Greer;Randall E Brand,2011-04-01,12.0,0.36,U01CA200466,2016-05-17T12:05:00Z,1873
U54CA163071,21479572,Enhancing oncology health care provider's sensitivity to cultural communication to reduce cancer disparities: a pilot study.,Gwendolyn P Quinn;Julio Jimenez;Cathy D Meade;Teresita Muñoz-Antonia;Clement K Gwede;Eida Castro;Susan T Vadaparampil;Vani Nath Simmons;Jessica McIntyre;Theresa T Crocker;Thomas H Brandon,2011-06-01,11.0,0.43,U54CA163071,2012-09-25T12:09:00Z,482
U10CA180821,21529989,A phase II trial of high dose carboplatin and paclitaxel with G-CSF and peripheral blood stem cell support followed by surgery and/or chest radiation in patients with stage III non-small cell lung cancer: CALGB 9531.,Gregory A Masters;Xiaofei Wang;Lydia Hodgson;Thomas Shea;Everett Vokes;Mark Green,2011-05-06,2.0,0.05,U10CA180821,2014-04-17T12:04:00Z,1077
UM1CA186709,21706030,Compromised CDK1 activity sensitizes BRCA-proficient cancers to PARP inhibition.,Neil Johnson;Yu-Chen Li;Zandra E Walton;Katherine A Cheng;Danan Li;Scott J Rodig;Lisa A Moreau;Christine Unitt;Roderick T Bronson;Huw D Thomas;David R Newell;Alan D D'Andrea;Nicola J Curtin;Kwok-Kin Wong;Geoffrey I Shapiro,2011-06-26,206.0,4.57,UM1CA186709,2014-03-13T12:03:00Z,991
U10CA180821,21892702,Impact of mammographic screening on the detection of good and poor prognosis breast cancers.,Laura J Esserman;Yiwey Shieh;Emiel J T Rutgers;Michael Knauer;Valesca P Retèl;Stella Mook;Annuska M Glas;Dan H Moore;Sabine Linn;Flora E van Leeuwen;Laura J van 't Veer,2011-09-04,65.0,1.57,U10CA180821,2014-04-17T12:04:00Z,956
UM1CA186716,22038997,Pharmacodynamic study using FLT PET/CT in patients with renal cell cancer and other solid malignancies treated with sunitinib malate.,Glenn Liu;Robert Jeraj;Matt Vanderhoek;Scott Perlman;Jill Kolesar;Michael Harrison;Urban Simoncic;Jens Eickhoff;Lakeesha Carmichael;Bo Chao;Rebecca Marnocha;Percy Ivy;George Wilding,2011-10-28,44.0,1.38,UM1CA186716,2014-03-19T12:03:00Z,873
U10CA180821,22421007,Interim [(18)F]fluorodeoxyglucose positron emission tomography imaging in stage I-II non-bulky Hodgkin lymphoma: would using combined positron emission tomography and computed tomography criteria better predict response than each test alone?,Lale Kostakoglu;Heiko Schöder;Jeffrey L Johnson;Nathan C Hall;Lawrence H Schwartz;David J Straus;Ann S LaCasce;Sin-Ho Jung;Nancy L Bartlett;George P Canellos;Bruce D Cheson;Cancer Leukemia Group B,2012-08-28,34.0,1.09,U10CA180821,2014-04-17T12:04:00Z,597
U10CA180821,22444716,Phase II interventional study (N0337) of capecitabine in combination with vinorelbine and trastuzumab for first- or second-line treatment of HER2-positive metastatic breast cancer: a north central cancer treatment group trial.,Winston W Tan;Jacob B Allred;Muhammad Salim;Patrick Flynn;Paul A S Fishkin;Philip J Stella;Martin Wiesenfeld;Albert M Bernath;Tom R Fitch;Edith A Perez,2012-04-01,7.0,0.23,U10CA180821,2014-04-17T12:04:00Z,746
U10CA180821,22744771,Dose intensification of daunorubicin and cytarabine during treatment of adult acute lymphoblastic leukemia: results of Cancer and Leukemia Group B Study 19802.,Wendy Stock;Jeffrey L Johnson;Richard M Stone;Jonathan E Kolitz;Bayard L Powell;Meir Wetzler;Peter Westervelt;Guido Marcucci;Daniel J DeAngelo;James W Vardiman;Diane McDonnell;Krzysztof Mrózek;Clara D Bloomfield;Richard A Larson,2012-06-28,85.0,2.53,U10CA180821,2014-04-17T12:04:00Z,658
UM1CA186709,22763439,Tumour micro-environment elicits innate resistance to RAF inhibitors through HGF secretion.,Ravid Straussman;Teppei Morikawa;Kevin Shee;Michal Barzily-Rokni;Zhi Rong Qian;Jinyan Du;Ashli Davis;Margaret M Mongare;Joshua Gould;Dennie T Frederick;Zachary A Cooper;Paul B Chapman;David B Solit;Antoni Ribas;Roger S Lo;Keith T Flaherty;Shuji Ogino;Jennifer A Wargo;Todd R Golub,2012-07-26,1359.0,35.33,UM1CA186709,2014-03-13T12:03:00Z,595
U10CA180821,22897733,The impact of initial fludarabine therapy on transformation to Richter syndrome or prolymphocytic leukemia in patients with chronic lymphocytic leukemia: analysis of an intergroup trial (CALGB 9011).,Melhem Solh;Kanti R Rai;Bercedis L Peterson;Jonathan E Kolitz;Frederick R Appelbaum;Martin S Tallman;Andrew Belch;Richard A Larson;Vicki A Morrison,2012-09-08,31.0,0.79,U10CA180821,2014-04-17T12:04:00Z,586
U10CA180821,23014970,Validation of the lung cancer staging system revisions using a large prospective clinical trial database (ACOSOG Z0030).,Juan J Fibla;Stephen D Cassivi;Paul A Decker;Mark S Allen;Gail E Darling;Rodney J Landreneau;Robert J McKenna;Joe B Putnam;ACOSOG Z0030 Study Group,2012-09-26,12.0,0.42,U10CA180821,2014-04-17T12:04:00Z,568
U10CA180821,23040416,Re-evaluation of the prognostic value of visceral pleura invasion in Stage IB non-small cell lung cancer using the prospective multicenter ACOSOG Z0030 trial data set.,Juan J Fibla;Stephen D Cassivi;Alessandro Brunelli;Paul A Decker;Mark S Allen;Gail E Darling;Rodney J Landreneau;Joe B Putnam,2012-10-03,36.0,1.23,U10CA180821,2014-04-17T12:04:00Z,561
UM1CA186709,23245996,Synthetic lethal interaction of combined BCL-XL and MEK inhibition promotes tumor regressions in KRAS mutant cancer models.,Ryan B Corcoran;Katherine A Cheng;Aaron N Hata;Anthony C Faber;Hiromichi Ebi;Erin M Coffee;Patricia Greninger;Ronald D Brown;Jason T Godfrey;Travis J Cohoon;Youngchul Song;Eugene Lifshits;Kenneth E Hung;Toshi Shioda;Dora Dias-Santagata;Anurag Singh;Jeffrey Settleman;Cyril H Benes;Mari Mino-Kenudson;Kwok-Kin Wong;Jeffrey A Engelman,2012-12-13,305.0,7.37,UM1CA186709,2014-03-13T12:03:00Z,455
U01CA200466,23681075,Signet ring cell colorectal carcinoma: a distinct subset of mucin-poor microsatellite-stable signet ring cell carcinoma associated with dismal prognosis.,Douglas J Hartman;Marina N Nikiforova;Daniel T Chang;Edward Chu;Nathan Bahary;Randall E Brand;Amer H Zureikat;Herbert J Zeh;Haroon Choudry;Reetesh K Pai,2013-07-01,40.0,1.36,U01CA200466,2016-05-17T12:05:00Z,1051
U01CA217875,23725674,Targeting protein-protein interactions as an anticancer strategy.,Andrei A Ivanov;Fadlo R Khuri;Haian Fu,2013-05-29,235.0,6.81,U01CA217875,2017-08-01T12:08:00Z,1525
U01CA200466,23743931,Integration of KRAS testing in the diagnosis of pancreatic cystic lesions: a clinical experience of 618 pancreatic cysts.,Marina N Nikiforova;Asif Khalid;Kenneth E Fasanella;Kevin M McGrath;Randall E Brand;Jennifer S Chennat;Adam Slivka;Herbert J Zeh;Amer H Zureikat;Alyssa M Krasinskas;N Paul Ohori;Karen E Schoedel;Sarah Navina;Geeta S Mantha;Reetesh K Pai;Aatur D Singhi,2013-06-07,103.0,4.05,U01CA200466,2016-05-17T12:05:00Z,1075
U01CA200466,24034859,Lynch syndrome-associated colorectal carcinoma: frequent involvement of the left colon and rectum and late-onset presentation supports a universal screening approach.,Douglas J Hartman;Randall E Brand;Huankai Hu;Nathan Bahary;Beth Dudley;Simon I Chiosea;Marina N Nikiforova;Reetesh K Pai,2013-09-10,24.0,0.69,U01CA200466,2016-05-17T12:05:00Z,980
U01CA200466,24662333,A microRNA-based test improves endoscopic ultrasound-guided cytologic diagnosis of pancreatic cancer.,Randall E Brand;Alex T Adai;Barbara A Centeno;Linda S Lee;George Rateb;Shivakumar Vignesh;Charles Menard;Anna Wiechowska-Kozłowska;Hubert Bołdys;Marek Hartleb;Michael K Sanders;Johanna B Munding;Andrea Tannapfel;Stephan A Hahn;Ludomir Stefańczyk;Gregory J Tsongalis;David C Whitcomb;Darwin L Conwell;Jean A Morisset;Timothy B Gardner;Stuart R Gordon;Arief A Suriawinata;Maura B Lloyd;Dennis Wylie;Emmanuel Labourier;Bernard F Andruss;Anna E Szafranska-Schwarzbach,2014-03-21,5.0,0.26,U01CA200466,2016-05-17T12:05:00Z,788
U01CA217875,24704832,Nuclear PRAS40 couples the Akt/mTORC1 signaling axis to the RPL11-HDM2-p53 nucleolar stress response pathway.,J J Havel;Z Li;D Cheng;J Peng;H Fu,2014-04-07,31.0,0.86,U01CA217875,2017-08-01T12:08:00Z,1212
U01CA217875,24713434,Global transcriptome analysis of formalin-fixed prostate cancer specimens identifies biomarkers of disease recurrence.,Qi Long;Jianpeng Xu;Adeboye O Osunkoya;Soma Sannigrahi;Brent A Johnson;Wei Zhou;Theresa Gillespie;Jong Y Park;Robert K Nam;Linda Sugar;Aleksandra Stanimirovic;Arun K Seth;John A Petros;Carlos S Moreno,2014-04-08,14.0,0.55,U01CA217875,2017-08-01T12:08:00Z,1211
U24CA224309,24766814,Single-cell trajectory detection uncovers progression and regulatory coordination in human B cell development.,Sean C Bendall;Kara L Davis;El-Ad David Amir;Michelle D Tadmor;Erin F Simonds;Tiffany J Chen;Daniel K Shenfeld;Garry P Nolan;Dana Pe'er,2014-04-24,71.0,1.98,U24CA224309,2017-09-30T12:09:00Z,1255
P50CA196530,24919399,Addressing the evidence for FDA nicotine replacement therapy label changes: a policy statement of the Association for the Treatment of Tobacco use and Dependence and the Society for Research on Nicotine and Tobacco.,Lisa M Fucito;Matthew P Bars;Ariadna Forray;Alana M Rojewski;Saul Shiffman;Peter Selby;Robert West;Jonathan Foulds;Benjamin A Toll;Writing Committee for the SRNT Policy and Treatment Networks,2014-06-11,31.0,1.08,P50CA196530,2015-08-26T12:08:00Z,441
U01CA200466,24938521,Preoperative GNAS and KRAS testing in the diagnosis of pancreatic mucinous cysts.,Aatur D Singhi;Marina N Nikiforova;Kenneth E Fasanella;Kevin M McGrath;Reetesh K Pai;N Paul Ohori;Tanner L Bartholow;Randall E Brand;Jennifer S Chennat;Xuong Lu;Georgios I Papachristou;Adam Slivka;Herbert J Zeh;Amer H Zureikat;Kenneth K Lee;Allan Tsung;Geeta S Mantha;Asif Khalid,2014-06-17,63.0,1.88,U01CA200466,2016-05-17T12:05:00Z,700
U24CA210978,24995579,Endometrial Carcinoma Recurrence Score (ECARS) validates to identify aggressive disease and associates with markers of epithelial-mesenchymal transition and PI3K alterations.,E Wik;J Trovik;K Kusonmano;E Birkeland;M B Raeder;I Pashtan;E A Hoivik;C Krakstad;H M J Werner;F Holst;S Mjøs;M K Halle;M Mannelqvist;K K Mauland;A M Oyan;I M Stefansson;K Petersen;R Simon;A D Cherniack;M Meyerson;K H Kalland;L A Akslen;H B Salvesen,2014-07-01,45.0,1.35,U24CA210978,2016-09-15T12:09:00Z,807
U01CA200466,25223874,Decade in review-pancreatic diseases: advances in understanding and care of pancreatic diseases.,Randall E Brand,2014-09-16,15.0,1.03,U01CA200466,2016-05-17T12:05:00Z,609
U24CA210993,25592596,Causal inference in biology networks with integrated belief propagation.,Rui Chang;Jonathan R Karr;Eric E Schadt,2015-01-01,58.0,2.03,U24CA210993,2016-09-19T12:09:00Z,627
R21CA209875,25714012,Harnessing Noxa demethylation to overcome Bortezomib resistance in mantle cell lymphoma.,Violetta V Leshchenko;Pei-Yu Kuo;Zewei Jiang;Marc A Weniger;Jessica Overbey;Kieron Dunleavy;Wyndham H Wilson;Adrian Wiestner;Samir Parekh,2015-09-29,100.0,3.35,R21CA209875,2017-07-06T12:07:00Z,646
U54CA209971,25822800,Robust enumeration of cell subsets from tissue expression profiles.,Aaron M Newman;Chih Long Liu;Michael R Green;Andrew J Gentles;Weiguo Feng;Yue Xu;Chuong D Hoang;Maximilian Diehn;Ash A Alizadeh,2015-03-30,41.0,1.5,U54CA209971,2016-08-25T12:08:00Z,514
U54CA209992,25851023,Interplay between chemotaxis and contact inhibition of locomotion determines exploratory cell migration.,Benjamin Lin;Taofei Yin;Yi I Wu;Takanari Inoue;Andre Levchenko,2015-04-08,41.0,1.19,U54CA209992,2016-08-08T12:08:00Z,488
U24CA210993,26036856,"Motivations, concerns and preferences of personal genome sequencing research participants: Baseline findings from the HealthSeq project.",Saskia C Sanderson;Michael D Linderman;Sabrina A Suckiel;George A Diaz;Randi E Zinberg;Kadija Ferryman;Melissa Wasserstein;Andrew Kasarskis;Eric E Schadt,2015-06-03,47.0,1.79,U24CA210993,2016-09-19T12:09:00Z,474
U24CA210993,26085849,A regularized multivariate regression approach for eQTL analysis.,Xianlong Wang;Li Qin;Hexin Zhang;Yuzheng Zhang;Li Hsu;Pei Wang,2013-11-21,15.0,0.5,U24CA210993,2016-09-19T12:09:00Z,1033
U01CA227550,26154075,Curvature capillary migration of microspheres.,Nima Sharifi-Mood;Iris B Liu;Kathleen J Stebe,2015-07-08,7.0,0.23,U01CA227550,2018-06-01T12:06:00Z,1059
U54CA209997,26178156,A hybrid method for protein-protein interface prediction.,Howook Hwang;Donald Petrey;Barry Honig,2015-07-21,553.0,17.65,U54CA209997,2016-08-08T12:08:00Z,384
U01CA214170,26280815,Assessment of long-term outcomes associated with urinary prostate cancer antigen 3 and TMPRSS2:ERG gene fusion at repeat biopsy.,Selin Merdan;Scott A Tomlins;Christine L Barnett;Todd M Morgan;James E Montie;John T Wei;Brian T Denton,2015-08-17,12.0,0.6,U01CA214170,2016-09-15T12:09:00Z,395
R01CA207445,26384318,Expression profiling of in vivo ductal carcinoma in situ progression models identified B cell lymphoma-9 as a molecular driver of breast cancer invasion.,Hanan S Elsarraj;Yan Hong;Kelli E Valdez;Whitney Michaels;Marcus Hook;William P Smith;Jeremy Chien;Jason I Herschkowitz;Melissa A Troester;Moriah Beck;Marc Inciardi;Jason Gatewood;Lisa May;Therese Cusick;Marilee McGinness;Lawrence Ricci;Fang Fan;Ossama Tawfik;Jeffrey R Marks;Jennifer R Knapp;Hung-Wen Yeh;Patricia Thomas;D R Carrasco;Timothy A Fields;Andrew K Godwin;Fariba Behbod,2015-09-17,12.0,0.32,R01CA207445,2017-03-09T12:03:00Z,539
U01CA215845,26392530,Competition and allostery govern substrate selectivity of cyclooxygenase-2.,Michelle M Mitchener;Daniel J Hermanson;Erin M Shockley;H Alex Brown;Craig W Lindsley;Jeff Reese;Carol A Rouzer;Carlos F Lopez;Lawrence J Marnett,2015-09-21,104.0,3.86,U01CA215845,2017-06-09T12:06:00Z,627
U24CA210993,26412865,Covariance-based analyses of biological pathways.,P Danaher;D Paul;P Wang,2015-09-01,109.0,4.76,U24CA210993,2016-09-19T12:09:00Z,384
U01CA217875,26578655,Enabling systematic interrogation of protein-protein interactions in live cells with a versatile ultra-high-throughput biosensor platform.,Xiu-Lei Mo;Yin Luo;Andrei A Ivanov;Rina Su;Jonathan J Havel;Zenggang Li;Fadlo R Khuri;Yuhong Du;Haian Fu,2015-11-16,40.0,1.81,U01CA217875,2017-08-01T12:08:00Z,624
R21CA209940,26644347,Identification and characterization of latency-associated peptide-expressing γδ T cells.,Rafael M Rezende;Andre P da Cunha;Chantal Kuhn;Stephen Rubino;Hanane M'Hamdi;Galina Gabriely;Tyler Vandeventer;Shirong Liu;Ron Cialic;Natalia Pinheiro-Rosa;Rafael P Oliveira;Jellert T Gaublomme;Nikolaus Obholzer;James Kozubek;Nathalie Pochet;Ana M C Faria;Howard L Weiner,2015-12-08,22.0,0.63,R21CA209940,2017-05-12T12:05:00Z,521
U01CA217875,26701805,SOX4 Is Essential for Prostate Tumorigenesis Initiated by PTEN Ablation.,Birdal Bilir;Adeboye O Osunkoya;W Guy Wiles;Soma Sannigrahi;Veronique Lefebvre;Daniel Metzger;Demetri D Spyropoulos;W David Martin;Carlos S Moreno,2015-12-23,62.0,2.21,U01CA217875,2017-08-01T12:08:00Z,587
P50CA206963,27070704,The Public Repository of Xenografts Enables Discovery and Randomized Phase II-like Trials in Mice.,Elizabeth C Townsend;Mark A Murakami;Alexandra Christodoulou;Amanda L Christie;Johannes Köster;Tiffany A DeSouza;Elizabeth A Morgan;Scott P Kallgren;Huiyun Liu;Shuo-Chieh Wu;Olivia Plana;Joan Montero;Kristen E Stevenson;Prakash Rao;Raga Vadhi;Michael Andreeff;Philippe Armand;Karen K Ballen;Patrizia Barzaghi-Rinaudo;Sarah Cahill;Rachael A Clark;Vesselina G Cooke;Matthew S Davids;Daniel J DeAngelo;David M Dorfman;Hilary Eaton;Benjamin L Ebert;Julia Etchin;Brant Firestone;David C Fisher;Arnold S Freedman;Ilene A Galinsky;Hui Gao;Jacqueline S Garcia;Francine Garnache-Ottou;Timothy A Graubert;Alejandro Gutierrez;Ensar Halilovic;Marian H Harris;Zachary T Herbert;Steven M Horwitz;Giorgio Inghirami;Andrew M Intlekofer;Moriko Ito;Shai Izraeli;Eric D Jacobsen;Caron A Jacobson;Sébastien Jeay;Irmela Jeremias;Michelle A Kelliher;Raphael Koch;Marina Konopleva;Nadja Kopp;Steven M Kornblau;Andrew L Kung;Thomas S Kupper;Nicole R LeBoeuf;Ann S LaCasce;Emma Lees;Loretta S Li;A Thomas Look;Masato Murakami;Markus Muschen;Donna Neuberg;Samuel Y Ng;Oreofe O Odejide;Stuart H Orkin;Rachel R Paquette;Andrew E Place;Justine E Roderick;Jeremy A Ryan;Stephen E Sallan;Brent Shoji;Lewis B Silverman;Robert J Soiffer;David P Steensma;Kimberly Stegmaier;Richard M Stone;Jerome Tamburini;Aaron R Thorner;Paul van Hummelen;Martha Wadleigh;Marion Wiesmann;Andrew P Weng;Jens U Wuerthner;David A Williams;Bruce M Wollison;Andrew A Lane;Anthony Letai;Monica M Bertagnolli;Jerome Ritz;Myles Brown;Henry Long;Jon C Aster;Margaret A Shipp;James D Griffin;David M Weinstock,2016-04-11,44.0,1.79,P50CA206963,2017-09-19T12:09:00Z,526
P50CA206963,27220667,Discovery of a highly potent FLT3 kinase inhibitor for FLT3-ITD-positive AML.,H Wu;A Wang;Z Qi;X Li;C Chen;K Yu;F Zou;C Hu;W Wang;Z Zhao;J Wu;J Liu;X Liu;L Wang;W Wang;S Zhang;R M Stone;I A Galinsky;J D Griffin;D Weinstock;A Christodoulou;H Wang;Y Shen;Z Zhai;E L Weisberg;J Liu;Q Liu,2016-05-25,123.0,5.67,P50CA206963,2017-09-19T12:09:00Z,482
U01CA217875,27401613,"Transforming Big Data into Cancer-Relevant Insight: An Initial, Multi-Tier Approach to Assess Reproducibility and Relevance.",Cancer Target Discovery and Development Network,2016-07-11,25.0,1.02,U01CA217875,2017-08-01T12:08:00Z,386
P50CA206963,27410923,Ipilimumab for Patients with Relapse after Allogeneic Transplantation.,Matthew S Davids;Haesook T Kim;Pavan Bachireddy;Caitlin Costello;Rebecca Liguori;Alexandra Savell;Alexander P Lukez;David Avigan;Yi-Bin Chen;Peter McSweeney;Nicole R LeBoeuf;Michael S Rooney;Michaela Bowden;Chensheng W Zhou;Scott R Granter;Jason L Hornick;Scott J Rodig;Masahiro Hirakawa;Mariano Severgnini;F Stephen Hodi;Catherine J Wu;Vincent T Ho;Corey Cutler;John Koreth;Edwin P Alyea;Joseph H Antin;Philippe Armand;Howard Streicher;Edward D Ball;Jerome Ritz;Asad Bashey;Robert J Soiffer;Leukemia and Lymphoma Society Blood Cancer Research Partnership,2016-07-14,84.0,2.85,P50CA206963,2017-09-19T12:09:00Z,432
R01CA207445,27446983,Mouse Mammary Intraductal (MIND) Method for Transplantation of Patient Derived Primary DCIS Cells and Cell Lines.,Frances Kittrell;Kelli Valdez;Hanan Elsarraj;Yan Hong;Daniel Medina;Fariba Behbod,2016-03-05,219.0,7.6,R01CA207445,2017-03-09T12:03:00Z,369
U01CA220378,27502248,Radiogenomics to characterize regional genetic heterogeneity in glioblastoma.,Leland S Hu;Shuluo Ning;Jennifer M Eschbacher;Leslie C Baxter;Nathan Gaw;Sara Ranjbar;Jonathan Plasencia;Amylou C Dueck;Sen Peng;Kris A Smith;Peter Nakaji;John P Karis;C Chad Quarles;Teresa Wu;Joseph C Loftus;Robert B Jenkins;Hugues Sicotte;Thomas M Kollmeyer;Brian P O'Neill;William Elmquist;Joseph M Hoxworth;David Frakes;Jann Sarkaria;Kristin R Swanson;Nhan L Tran;Jing Li;J Ross Mitchell,2016-08-08,36.0,1.17,U01CA220378,2017-09-12T12:09:00Z,400
U01CA230690,27998963,Circulating tumor markers: harmonizing the yin and yang of CTCs and ctDNA for precision medicine.,I S Batth;A Mitra;S Manier;I M Ghobrial;D Menter;S Kopetz;S Li,2017-03-01,11.0,0.42,U01CA230690,2018-09-14T12:09:00Z,562
U01CA227550,28036186,Curvature-Driven Migration of Colloids on Tense Lipid Bilayers.,Ningwei Li;Nima Sharifi-Mood;Fuquan Tu;Daeyeon Lee;Ravi Radhakrishnan;Tobias Baumgart;Kathleen J Stebe,2016-12-30,25.0,0.95,U01CA227550,2018-06-01T12:06:00Z,518
U24CA264029,28522256,"Sporadic Early-Onset Diffuse Gastric Cancers Have High Frequency of Somatic CDH1 Alterations, but Low Frequency of Somatic RHOA Mutations Compared With Late-Onset Cancers.",Soo Young Cho;Jun Won Park;Yang Liu;Young Soo Park;Ju Hee Kim;Hanna Yang;Hyejin Um;Woo Ri Ko;Byung Il Lee;Sun Young Kwon;Seung Wan Ryu;Chae Hwa Kwon;Do Youn Park;Jae-Hyuk Lee;Sang Il Lee;Kyu Sang Song;Hoon Hur;Sang-Uk Han;Heekyung Chang;Su-Jin Kim;Byung-Sik Kim;Jeong-Hwan Yook;Moon-Won Yoo;Beom-Su Kim;In-Seob Lee;Myeong-Cherl Kook;Nina Thiessen;An He;Chip Stewart;Andrew Dunford;Jaegil Kim;Juliann Shih;Gordon Saksena;Andrew D Cherniack;Steven Schumacher;Amaro-Taylor Weiner;Mara Rosenberg;Gad Getz;Eun Gyeong Yang;Min-Hee Ryu;Adam J Bass;Hark Kyun Kim,2017-05-15,12.0,0.42,U24CA264029,2021-09-20T12:09:00Z,1589
P50CA221745,28802642,"Prognostic Value of TERT Alterations, Mutational and Copy Number Alterations Burden in Urothelial Carcinoma.",Sumit Isharwal;François Audenet;Esther Drill;Eugene J Pietzak;Gopa Iyer;Irina Ostrovnaya;Eugene Cha;Timothy Donahue;Maria Arcila;Gowtham Jayakumaran;Michael F Berger;Jonathan E Rosenberg;Dean F Bajorin;Jonathan Coleman;Guido Dalbagni;Victor E Reuter;Bernard H Bochner;David B Solit;Hikmat A Al-Ahmadie,2017-08-10,19.0,0.68,P50CA221745,2018-08-24T12:08:00Z,379
U01CA243004,29217119,Panomics for Precision Medicine.,Charanjit Sandhu;Alia Qureshi;Andrew Emili,2017-12-05,6.0,0.22,U01CA243004,2020-09-09T12:09:00Z,1009
P50CA236733,29334372,Pharmacological blockade of ASCT2-dependent glutamine transport leads to antitumor efficacy in preclinical models.,Michael L Schulte;Allie Fu;Ping Zhao;Jun Li;Ling Geng;Shannon T Smith;Jumpei Kondo;Robert J Coffey;Marc O Johnson;Jeffrey C Rathmell;Joe T Sharick;Melissa C Skala;Jarrod A Smith;Jordan Berlin;M Kay Washington;Michael L Nickels;H Charles Manning,2018-01-15,27.0,1.01,P50CA236733,2019-07-09T12:07:00Z,540
P50CA244433,29357876,Training scholars in dissemination and implementation research for cancer prevention and control: a mentored approach.,Margaret Padek;Nageen Mir;Rebekah R Jacob;David A Chambers;Maureen Dobbins;Karen M Emmons;Jon Kerner;Shiriki Kumanyika;Christine Pfund;Enola K Proctor;Kurt C Stange;Ross C Brownson,2018-01-22,55.0,2.2,P50CA244433,2019-09-20T12:09:00Z,606
R37CA234021,29457796,"H3B-8800, an orally available small-molecule splicing modulator, induces lethality in spliceosome-mutant cancers.",Michael Seiler;Akihide Yoshimi;Rachel Darman;Betty Chan;Gregg Keaney;Michael Thomas;Anant A Agrawal;Benjamin Caleb;Alfredo Csibi;Eckley Sean;Peter Fekkes;Craig Karr;Virginia Klimek;George Lai;Linda Lee;Pavan Kumar;Stanley Chun-Wei Lee;Xiang Liu;Crystal Mackenzie;Carol Meeske;Yoshiharu Mizui;Eric Padron;Eunice Park;Ermira Pazolli;Shouyong Peng;Sudeep Prajapati;Justin Taylor;Teng Teng;John Wang;Markus Warmuth;Huilan Yao;Lihua Yu;Ping Zhu;Omar Abdel-Wahab;Peter G Smith;Silvia Buonamici,2018-02-19,64.0,2.26,R37CA234021,2019-08-12T12:08:00Z,539
U24CA264029,29535149,SvABA: genome-wide detection of structural variants and indels by local assembly.,Jeremiah A Wala;Pratiti Bandopadhayay;Noah F Greenwald;Ryan O'Rourke;Ted Sharpe;Chip Stewart;Steve Schumacher;Yilong Li;Joachim Weischenfeldt;Xiaotong Yao;Chad Nusbaum;Peter Campbell;Gad Getz;Matthew Meyerson;Cheng-Zhong Zhang;Marcin Imielinski;Rameen Beroukhim,2018-03-13,181.0,6.47,U24CA264029,2021-09-20T12:09:00Z,1287
R01CA246722,29809107,Peripheral T Cells as a Biomarker for Oxygen-Ion-Radiation-Induced Social Impairments.,Karen Krukowski;Tamako Jones;Mary Campbell-Beachler;Gregory Nelson;Susanna Rosi,2018-05-29,4.0,0.16,R01CA246722,2020-07-01T12:07:00Z,764
P50CA236733,29853605,Ornithine Decarboxylase in Macrophages Exacerbates Colitis and Promotes Colitis-Associated Colon Carcinogenesis by Impairing M1 Immune Responses.,Kshipra Singh;Lori A Coburn;Mohammad Asim;Daniel P Barry;Margaret M Allaman;Chanjuan Shi;M Kay Washington;Paula B Luis;Claus Schneider;Alberto G Delgado;M Blanca Piazuelo;John L Cleveland;Alain P Gobert;Keith T Wilson,2018-05-31,24.0,1.06,P50CA236733,2019-07-09T12:07:00Z,404
P50CA236733,29904166,Pharmacological activation of epidermal growth factor receptor signaling inhibits colitis-associated cancer in mice.,Philip E Dubé;Cambrian Y Liu;Nandini Girish;M Kay Washington;D Brent Polk,2018-06-14,52.0,2.55,P50CA236733,2019-07-09T12:07:00Z,390
R21CA231911,29905905,Selective modification of fluciclovine (<sup>18</sup>F) transport in prostate carcinoma xenografts.,F I Tade;W G Wiles;G Lu;B Bilir;O Akin-Akintayo;J S Lee;D Patil;W Yu;C Ormenisan Gherasim;B Fei;C S Moreno;A O Osunkoya;E J Teoh;S Oka;H Okudaira;M M Goodman;D M Schuster,2018-06-15,14.0,0.72,R21CA231911,2019-07-01T12:07:00Z,381
P50CA236733,29907869,BVES is required for maintenance of colonic epithelial integrity in experimental colitis by modifying intestinal permeability.,Yash A Choksi;Vishruth K Reddy;Kshipra Singh;Caitlyn W Barrett;Sarah P Short;Bobak Parang;Cody E Keating;Joshua J Thompson;Thomas G Verriere;Rachel E Brown;M Blanca Piazuelo;David M Bader;M Kay Washington;Mukul K Mittal;Thomas Brand;Alain P Gobert;Lori A Coburn;Keith T Wilson;Christopher S Williams,2018-06-15,0.0,0.0,P50CA236733,2019-07-09T12:07:00Z,389
U24CA248457,29985391,Assembly and activation of the Hippo signalome by FAT1 tumor suppressor.,Daniel Martin;Maria S Degese;Lynn Vitale-Cross;Ramiro Iglesias-Bartolome;Juan Luis Callejas Valera;Zhiyong Wang;Xiaodong Feng;Huwate Yeerna;Vachan Vadmal;Toshiro Moroishi;Rick F Thorne;Moraima Zaida;Bradford Siegele;Sok C Cheong;Alfredo A Molinolo;Yardena Samuels;Pablo Tamayo;Kun Liang Guan;Scott M Lippman;J Guy Lyons;J Silvio Gutkind,2018-07-09,1.0,0.13,U24CA248457,2020-06-01T12:06:00Z,693
U24CA248457,30563849,A Curated Resource for Phosphosite-specific Signature Analysis.,Karsten Krug;Philipp Mertins;Bin Zhang;Peter Hornbeck;Rajesh Raju;Rushdy Ahmad;Matthew Szucs;Filip Mundt;Dominique Forestier;Judit Jane-Valbuena;Hasmik Keshishian;Michael A Gillette;Pablo Tamayo;Jill P Mesirov;Jacob D Jaffe;Steven A Carr;D R Mani,2018-12-18,27.0,1.43,U24CA248457,2020-06-01T12:06:00Z,531
U24CA248457,30583461,Comprehensive Genomic Profiling Reveals Diverse but Actionable Molecular Portfolios across Hematologic Malignancies: Implications for Next Generation Clinical Trials.,Natalie Galanina;Rafael Bejar;Michael Choi;Aaron Goodman;Matthew Wieduwilt;Carolyn Mulroney;Lisa Kim;Huwate Yeerna;Pablo Tamayo;Jo-Anne Vergilio;Tariq I Mughal;Vincent Miller;Catriona Jamieson;Razelle Kurzrock,2018-12-21,13.0,0.84,U24CA248457,2020-06-01T12:06:00Z,528
U01CA253553,30652617,"A Behavior-Modification, Clinical-Grade Mobile Application to Improve Breast Cancer Survivors' Accountability and Health Outcomes.",Renee Stubbins;Tiancheng He;Xiaohui Yu;Mamta Puppala;Chika F Ezeana;Shenyi Chen;Miguel Valdivia Y Alvarado;Joe Ensor;Angel Rodriguez;Polly Niravath;Jenny Chang;Stephen T C Wong;Tejal Patel,2018-12-01,98.0,4.44,U01CA253553,2020-09-15T12:09:00Z,654
R21CA253394,30654029,Temporal biomedical data analytics.,Robert Moskovitch;Yuval Shahar;Fei Wang;George Hripcsak,2019-01-14,13.0,0.63,R21CA253394,2021-04-08T12:04:00Z,815
U24CA248457,30723579,APOBEC-related mutagenesis and neo-peptide hydrophobicity: implications for response to immunotherapy.,Amélie Boichard;Timothy V Pham;Huwate Yeerna;Aaron Goodman;Pablo Tamayo;Scott Lippman;Garrett M Frampton;Igor F Tsigelny;Razelle Kurzrock,2018-12-24,78.0,4.27,U24CA248457,2020-06-01T12:06:00Z,525
U24CA248457,30773340,A Platform of Synthetic Lethal Gene Interaction Networks Reveals that the GNAQ Uveal Melanoma Oncogene Controls the Hippo Pathway through FAK.,Xiaodong Feng;Nadia Arang;Damiano Cosimo Rigiracciolo;Joo Sang Lee;Huwate Yeerna;Zhiyong Wang;Simone Lubrano;Ayush Kishore;Jonathan A Pachter;Gabriele M König;Marcello Maggiolini;Evi Kostenis;David D Schlaepfer;Pablo Tamayo;Qianming Chen;Eytan Ruppin;J Silvio Gutkind,2019-02-14,32.0,1.5,U24CA248457,2020-06-01T12:06:00Z,473
P50CA247749,30961826,Expanding the Role of STING in Cellular Homeostasis and Transformation.,Jun Li;Samuel F Bakhoum,2019-02-23,119.0,4.68,P50CA247749,2020-08-13T12:08:00Z,537
U01CA263981,31012549,Preclinical activity of the antibody-drug conjugate denintuzumab mafodotin (SGN-CD19A) against pediatric acute lymphoblastic leukemia xenografts.,Luke Jones;Hannah McCalmont;Kathryn Evans;Chelsea Mayoh;Raushan T Kurmasheva;Catherine A Billups;Peter J Houghton;Malcolm A Smith;Richard B Lock,2019-04-23,7.0,0.49,U01CA263981,2021-09-01T12:09:00Z,862
U01CA243072,31097707,Optimal control nodes in disease-perturbed networks as targets for combination therapy.,Yuxuan Hu;Chia-Hui Chen;Yang-Yang Ding;Xiao Wen;Bingbo Wang;Lin Gao;Kai Tan,2019-05-16,18.0,1.03,U01CA243072,2020-06-01T12:06:00Z,382
U01CA263981,31099166,Evaluation of entinostat alone and in combination with standard-of-care cytotoxic agents against rhabdomyosarcoma xenograft models.,Raushan T Kurmasheva;Abhik Bandyopadhyay;Edward Favours;Vanessa Del Pozo;Samson Ghilu;Doris A Phelps;Stephen W Erickson;Cody J Peer;William D Figg;Malcolm A Smith;Peter J Houghton,2019-05-16,4.0,0.32,U01CA263981,2021-09-01T12:09:00Z,839
U01CA253553,31141423,A Deep Learning-Based Decision Support Tool for Precision Risk Assessment of Breast Cancer.,Tiancheng He;Mamta Puppala;Chika F Ezeana;Yan-Siang Huang;Ping-Hsuan Chou;Xiaohui Yu;Shenyi Chen;Lin Wang;Zheng Yin;Rebecca L Danforth;Joe Ensor;Jenny Chang;Tejal Patel;Stephen T C Wong,2019-05-01,4.0,0.23,U01CA253553,2020-09-15T12:09:00Z,503
U24CA264029,31344359,Before and After: Comparison of Legacy and Harmonized TCGA Genomic Data Commons' Data.,Galen F Gao;Joel S Parker;Sheila M Reynolds;Tiago C Silva;Liang-Bo Wang;Wanding Zhou;Rehan Akbani;Matthew Bailey;Saianand Balu;Benjamin P Berman;Denise Brooks;Hu Chen;Andrew D Cherniack;John A Demchok;Li Ding;Ina Felau;Sharon Gaheen;Daniela S Gerhard;David I Heiman;Kyle M Hernandez;Katherine A Hoadley;Reyka Jayasinghe;Anab Kemal;Theo A Knijnenburg;Peter W Laird;Michael K A Mensah;Andrew J Mungall;A Gordon Robertson;Hui Shen;Roy Tarnuzzer;Zhining Wang;Matthew Wyczalkowski;Liming Yang;Jean C Zenklusen;Zhenyu Zhang;Genomic Data Analysis Network;Han Liang;Michael S Noble,2019-07-24,14.0,0.45,U24CA264029,2021-09-20T12:09:00Z,789
U24CA248010,31395609,Use of Natural Language Processing to Extract Clinical Cancer Phenotypes from Electronic Medical Records.,Guergana K Savova;Ioana Danciu;Folami Alamudun;Timothy Miller;Chen Lin;Danielle S Bitterman;Georgia Tourassi;Jeremy L Warner,2019-08-08,14.0,0.66,U24CA248010,2020-09-24T12:09:00Z,413
U01CA243004,31473251,BET protein targeting suppresses the PD-1/PD-L1 pathway in triple-negative breast cancer and elicits anti-tumor immune response.,Guillaume P Andrieu;Jordan S Shafran;Charlotte L Smith;Anna C Belkina;Allison N Casey;Naser Jafari;Gerald V Denis,2019-08-29,9.0,0.5,U01CA243004,2020-09-09T12:09:00Z,377
U01CA263981,31558580,Challenges and Opportunities for Childhood Cancer Drug Development.,Peter J Houghton;Raushan T Kurmasheva,2019-10-01,54.0,2.41,U01CA263981,2021-09-01T12:09:00Z,701
U01CA263981,31693904,Genomic Profiling of Childhood Tumor Patient-Derived Xenograft Models to Enable Rational Clinical Trial Design.,Jo Lynne Rokita;Komal S Rathi;Maria F Cardenas;Kristen A Upton;Joy Jayaseelan;Katherine L Cross;Jacob Pfeil;Laura E Egolf;Gregory P Way;Alvin Farrel;Nathan M Kendsersky;Khushbu Patel;Krutika S Gaonkar;Apexa Modi;Esther R Berko;Gonzalo Lopez;Zalman Vaksman;Chelsea Mayoh;Jonas Nance;Kristyn McCoy;Michelle Haber;Kathryn Evans;Hannah McCalmont;Katerina Bendak;Julia W Böhm;Glenn M Marshall;Vanessa Tyrrell;Karthik Kalletla;Frank K Braun;Lin Qi;Yunchen Du;Huiyuan Zhang;Holly B Lindsay;Sibo Zhao;Jack Shu;Patricia Baxter;Christopher Morton;Dias Kurmashev;Siyuan Zheng;Yidong Chen;Jay Bowen;Anthony C Bryan;Kristen M Leraas;Sara E Coppens;HarshaVardhan Doddapaneni;Zeineen Momin;Wendong Zhang;Gregory I Sacks;Lori S Hart;Kateryna Krytska;Yael P Mosse;Gregory J Gatto;Yolanda Sanchez;Casey S Greene;Sharon J Diskin;Olena Morozova Vaske;David Haussler;Julie M Gastier-Foster;E Anders Kolb;Richard Gorlick;Xiao-Nan Li;C Patrick Reynolds;Raushan T Kurmasheva;Peter J Houghton;Malcolm A Smith;Richard B Lock;Pichai Raman;David A Wheeler;John M Maris,2019-11-05,15.0,0.56,U01CA263981,2021-09-01T12:09:00Z,666
U01CA253472,31705064,MCP-1/CCR-2 axis in adipocytes and cancer cell respectively facilitates ovarian cancer peritoneal metastasis.,Chaoyang Sun;Xi Li;Ensong Guo;Na Li;Bo Zhou;Hao Lu;Jia Huang;Meng Xia;Wanying Shan;Beibei Wang;Kezhen Li;Danhui Weng;Xiaoyan Xu;Qinglei Gao;Shixuan Wang;Junbo Hu;Yiling Lu;Gordon B Mills;Gang Chen,2019-11-08,10.0,0.47,U01CA253472,2021-04-01T12:04:00Z,510
U01CA263981,31927611,Prospective use of the single-mouse experimental design for the evaluation of PLX038A.,Samson Ghilu;Qilin Li;Shaun D Fontaine;Daniel V Santi;Raushan T Kurmasheva;Siyuan Zheng;Peter J Houghton,2020-01-11,44.0,2.55,U01CA263981,2021-09-01T12:09:00Z,599
U01CA263981,31975571,Preclinical evaluation of the combination of AZD1775 and irinotecan against selected pediatric solid tumors: A Pediatric Preclinical Testing Consortium report.,E Anders Kolb;Peter J Houghton;Raushan T Kurmasheva;Yael P Mosse;John M Maris;Stephen W Erickson;Yuelong Guo;Beverly A Teicher;Malcolm A Smith;Richard Gorlick,2020-01-23,95.0,5.75,U01CA263981,2021-09-01T12:09:00Z,587
U01CA272977,32086499,Early-onset colorectal cancer: initial clues and current views.,Lorne J Hofseth;James R Hebert;Anindya Chanda;Hexin Chen;Bryan L Love;Maria M Pena;E Angela Murphy;Mathew Sajish;Amit Sheth;Phillip J Buckhaults;Franklin G Berger,2020-02-21,114.0,6.28,U01CA272977,2022-08-16T12:08:00Z,907
U01CA263981,32184294,Evaluation of Eribulin Combined with Irinotecan for Treatment of Pediatric Cancer Xenografts.,Andrew J Robles;Raushan T Kurmasheva;Abhik Bandyopadhyay;Doris A Phelps;Stephen W Erickson;Zhao Lai;Dias Kurmashev;Yidong Chen;Malcom A Smith;Peter J Houghton,2020-03-17,17.0,0.99,U01CA263981,2021-09-01T12:09:00Z,533
U01CA263981,32207565,"Initial in vivo testing of a multitarget kinase inhibitor, regorafenib, by the Pediatric Preclinical Testing Consortium.",Douglas J Harrison;Jonathan D Gill;Michael E Roth;Wendong Zhang;Beverly Teicher;Stephen Erickson;Greg Gatto;Raushan T Kurmasheva;Peter J Houghton;Malcolm A Smith;Edward Anders Kolb;Richard Gorlick,2020-03-24,24.0,2.21,U01CA263981,2021-09-01T12:09:00Z,526
U01CA263981,32333633,"Evaluation of VTP-50469, a menin-MLL1 inhibitor, against Ewing sarcoma xenograft models by the pediatric preclinical testing consortium.",Raushan T Kurmasheva;Abhik Bandyopadhyay;Edward Favours;Vanessa Del Pozo;Samson Ghilu;Doris A Phelps;Gerard M McGeehan;Stephen W Erickson;Malcolm A Smith;Peter J Houghton,2020-04-25,9.0,0.41,U01CA263981,2021-09-01T12:09:00Z,494
U24CA264027,32396860,Comprehensive Analysis of Genetic Ancestry and Its Molecular Correlates in Cancer.,Jian Carrot-Zhang;Nyasha Chambwe;Jeffrey S Damrauer;Theo A Knijnenburg;A Gordon Robertson;Christina Yau;Wanding Zhou;Ashton C Berger;Kuan-Lin Huang;Justin Y Newberg;R Jay Mashl;Alessandro Romanel;Rosalyn W Sayaman;Francesca Demichelis;Ina Felau;Garrett M Frampton;Seunghun Han;Katherine A Hoadley;Anab Kemal;Peter W Laird;Alexander J Lazar;Xiuning Le;Ninad Oak;Hui Shen;Christopher K Wong;Jean C Zenklusen;Elad Ziv;Cancer Genome Atlas Analysis Network;Andrew D Cherniack;Rameen Beroukhim,2020-05-11,45.0,2.2,U24CA264027,2021-09-22T12:09:00Z,499
U24CA264029,32471518,Ancestry-specific predisposing germline variants in cancer.,Ninad Oak;Andrew D Cherniack;R Jay Mashl;TCGA Analysis Network;Fred R Hirsch;Li Ding;Rameen Beroukhim;Zeynep H Gümüş;Sharon E Plon;Kuan-Lin Huang,2020-05-29,1.0,0.07,U24CA264029,2021-09-20T12:09:00Z,479
U24CA270823,33024965,SARS-CoV-2 infected cells present HLA-I peptides from canonical and out-of-frame ORFs.,Shira Weingarten-Gabbay;Susan Klaeger;Siranush Sarkizova;Leah R Pearlman;Da-Yuan Chen;Matthew R Bauer;Hannah B Taylor;Hasahn L Conway;Christopher H Tomkins-Tinch;Yaara Finkel;Aharon Nachshon;Matteo Gentili;Keith D Rivera;Derin B Keskin;Charles M Rice;Karl R Clauser;Nir Hacohen;Steven A Carr;Jennifer G Abelin;Mohsan Saeed;Pardis C Sabeti,2020-10-26,37.0,2.37,U24CA270823,2022-06-15T12:06:00Z,597
R01CA285308,33720354,Molecular and cellular features of CTLA-4 blockade for relapsed myeloid malignancies after transplantation.,Livius Penter;Yi Zhang;Alexandra Savell;Teddy Huang;Nicoletta Cieri;Emily M Thrash;Seunghee Kim-Schulze;Aashna Jhaveri;Jingxin Fu;Srinika Ranasinghe;Shuqiang Li;Wandi Zhang;Emma S Hathaway;Matthew Nazzaro;Haesook T Kim;Helen Chen;Magdalena Thurin;Scott J Rodig;Mariano Severgnini;Carrie Cibulskis;Stacey Gabriel;Kenneth J Livak;Corey Cutler;Joseph H Antin;Sarah Nikiforow;John Koreth;Vincent T Ho;Philippe Armand;Jerome Ritz;Howard Streicher;Donna Neuberg;F Stephen Hodi;Sacha Gnjatic;Robert J Soiffer;X Shirley Liu;Matthew S Davids;Pavan Bachireddy;Catherine J Wu,2021-06-10,1.0,0.12,R01CA285308,2023-09-19T12:09:00Z,831
U01CA227550,34541587,Computational Horizons In Cancer (CHIC): Developing Meta- and Hyper-Multiscale Models and Repositories for <i>In Silico</i> Oncology - a Brief Technical Outline of the Project.,G Stamatakos;Dimitra Dionysiou;Fay Misichroni;Norbert Graf;Stefaan van Gool;Rainar Bohle;Feng Dong;Marco Viceconti;Kostas Marias;Vangelis Sakkalis;Nikolaus Forgo;Ravi Radhakrishnan;Helen Byrne;Caterina Guiot;Philippe Buechler;Elias Neri;Anca Bucur;Bernard de Bono;Debora Testi;Manolis Tsiknakis,2014-11-01,16.0,1.53,U01CA227550,2018-06-01T12:06:00Z,1308
U24CA269436,34570431,NDEx: Accessing Network Models and Streamlining Network Biology Workflows.,Rudolf T Pillich;Jing Chen;Christopher Churas;Sophie Liu;Keiichiro Ono;David Otasek;Dexter Pratt,2021-09-01,3.0,0.33,U24CA269436,2023-04-15T12:04:00Z,591
