program_name,invalid_nofo
Partnerships to Advance Cancer Health Equity (PACHE),RFA-PAR-18-767
Partnerships to Advance Cancer Health Equity (PACHE),RFA-PAR-22-249
Partnerships to Advance Cancer Health Equity (PACHE),RFA-PAR-22-239
Partnerships to Advance Cancer Health Equity (PACHE),RFA-PAR-18-911
Partnerships to Advance Cancer Health Equity (PACHE),RFA-PAR-18-361
All of Us,A17-446
All of Us,PA18-91
ADVANCED DEVELOPMENT OF INFORMATICS TECHNOLOGIES FOR CANCER RESEARCH AND MANAGEMENT,RFA-19-040
ADVANCED DEVELOPMENT OF INFORMATICS TECHNOLOGIES FOR CANCER RESEARCH AND MANAGEMENT,RFA-20-009
ADVANCED DEVELOPMENT OF INFORMATICS TECHNOLOGIES FOR CANCER RESEARCH AND MANAGEMENT,RFA-19-038
ADVANCED DEVELOPMENT OF INFORMATICS TECHNOLOGIES FOR CANCER RESEARCH AND MANAGEMENT,RFA-20-007
ADVANCED DEVELOPMENT OF INFORMATICS TECHNOLOGIES FOR CANCER RESEARCH AND MANAGEMENT,RFA-19-039
ADVANCED DEVELOPMENT OF INFORMATICS TECHNOLOGIES FOR CANCER RESEARCH AND MANAGEMENT,RFA-20-008
ADVANCED DEVELOPMENT OF INFORMATICS TECHNOLOGIES FOR CANCER RESEARCH AND MANAGEMENT,RFA-19-041
ADVANCED DEVELOPMENT OF INFORMATICS TECHNOLOGIES FOR CANCER RESEARCH AND MANAGEMENT,RFA-20-010
ADVANCED DEVELOPMENT OF INFORMATICS TECHNOLOGIES FOR CANCER RESEARCH AND MANAGEMENT,RFA-19-042
ADVANCED DEVELOPMENT OF INFORMATICS TECHNOLOGIES FOR CANCER RESEARCH AND MANAGEMENT,RFA-20-060
ADVANCED DEVELOPMENT OF INFORMATICS TECHNOLOGIES FOR CANCER RESEARCH AND MANAGEMENT,RFA-21-013
ADVANCED DEVELOPMENT OF INFORMATICS TECHNOLOGIES FOR CANCER RESEARCH AND MANAGEMENT,RFA-21-014
ADVANCED DEVELOPMENT OF INFORMATICS TECHNOLOGIES FOR CANCER RESEARCH AND MANAGEMENT,RFA-21-015
ADVANCED DEVELOPMENT OF INFORMATICS TECHNOLOGIES FOR CANCER RESEARCH AND MANAGEMENT,RFA-21-016
ADVANCED DEVELOPMENT OF INFORMATICS TECHNOLOGIES FOR CANCER RESEARCH AND MANAGEMENT,RFA-21-017
ADVANCED DEVELOPMENT OF INFORMATICS TECHNOLOGIES FOR CANCER RESEARCH AND MANAGEMENT,RFA-21-018
ADVANCED DEVELOPMENT OF INFORMATICS TECHNOLOGIES FOR CANCER RESEARCH AND MANAGEMENT,RFA-21-019
ADVANCED DEVELOPMENT OF INFORMATICS TECHNOLOGIES FOR CANCER RESEARCH AND MANAGEMENT,RFA-22-023
ADVANCED DEVELOPMENT OF INFORMATICS TECHNOLOGIES FOR CANCER RESEARCH AND MANAGEMENT,RFA-22-021
ADVANCED DEVELOPMENT OF INFORMATICS TECHNOLOGIES FOR CANCER RESEARCH AND MANAGEMENT,RFA-22-022
ADVANCED DEVELOPMENT OF INFORMATICS TECHNOLOGIES FOR CANCER RESEARCH AND MANAGEMENT,RFA-22-024
ADVANCED DEVELOPMENT OF INFORMATICS TECHNOLOGIES FOR CANCER RESEARCH AND MANAGEMENT,RFA-23-014
ADVANCED DEVELOPMENT OF INFORMATICS TECHNOLOGIES FOR CANCER RESEARCH AND MANAGEMENT,RFA-23-015
ADVANCED DEVELOPMENT OF INFORMATICS TECHNOLOGIES FOR CANCER RESEARCH AND MANAGEMENT,RFA-23-016
ADVANCED DEVELOPMENT OF INFORMATICS TECHNOLOGIES FOR CANCER RESEARCH AND MANAGEMENT,RFA-23-017
Childhood Cancer Survivor Study,RFA-CA15-502
Clinical Proteomic Tumor Analysis Consortium,RFA-CA21-024
Clinical Proteomic Tumor Analysis Consortium,RFA-CA21-023
