full_phs,error_message,error_code,response_code
phs003342.v1.p1,No data found for study with accession phs003342.v1,1,404
phs000531.v18.p6,No data found for study with accession phs000531.v18,1,404
phs002434.v1.p1,No data found for study with accession phs002434.v1,1,404
phs001081.v2.p2,No data found for study with accession phs001081.v2,1,404
phs002012.v1.p1,No data found for study with accession phs002012.v1,1,404
phs002011.v1.p1,No data found for study with accession phs002011.v1,1,404
phs000877.v2.p1,No data found for study with accession phs000877.v2,1,404
phs001499.v1.p1,No data found for study with accession phs001499.v1,1,404
phs001589.v1.p1,No data found for study with accession phs001589.v1,1,404
phs001263.v1.p1,No data found for study with accession phs001263.v1,1,404
phs000604.v1.p1,No data found for study with accession phs000604.v1,1,404
phs003728.v1.p1,No data found for study with accession phs003728.v1,1,404
phs002712.v1.p1,No data found for study with accession phs002712.v1,1,404
phs002223.v1.p1,No data found for study with accession phs002223.v1,1,404
phs000696.v1.p1,No data found for study with accession phs000696.v1,1,404
phs000329.v1.p1,No data found for study with accession phs000329.v1,1,404
phs000124.v3.p1,No data found for study with accession phs000124.v3,1,404
